camp_slug,camp_name,site_code,special_type,site_type,member_rate_monthly,member_rate_daily,non_member_rate_daily,sort_order
burnt-river-oregon,Burnt River,1,,50 Amp w/ Water - 30W X 50 D,540,20,55,1
burnt-river-oregon,Burnt River,2,,50 Amp w/ Water - 30W X 50 D,540,20,55,2
burnt-river-oregon,Burnt River,3,,50 Amp w/ Water- 30W X 50 D,540,20,55,3
burnt-river-oregon,Burnt River,4,,50 Amp w/ Water- 30W X 50 D,540,20,55,4
burnt-river-oregon,Burnt River,5,,50 Amp w/ Water- 30W X 50 D,540,20,55,5
burnt-river-oregon,Burnt River,D1,,Dry Camping,150,6,15,6
burnt-river-oregon,Burnt River,D2,,Dry Camping,150,6,15,7
burnt-river-oregon,Burnt River,D3,,Dry Camping,150,6,15,8
burnt-river-oregon,Burnt River,D4,,Dry Camping,150,6,15,9
burnt-river-oregon,Burnt River,D5,,Dry Camping,150,6,15,10
burnt-river-oregon,Burnt River,D6,,Dry Camping,150,6,15,11
burnt-river-oregon,Burnt River,D7,,Dry Camping,150,6,15,12
burnt-river-oregon,Burnt River,D8,,Dry Camping,150,6,15,13
burnt-river-oregon,Burnt River,D9,,Dry Camping,150,6,15,14
burnt-river-oregon,Burnt River,D10,,Dry Camping,150,6,15,15
burnt-river-oregon,Burnt River,D11,,Dry Camping,150,6,15,16
burnt-river-oregon,Burnt River,D12,,Dry Camping,150,6,15,17
burnt-river-oregon,Burnt River,D13,,Dry Camping,150,6,15,18
burnt-river-oregon,Burnt River,D14,,Dry Camping,150,6,15,19
burnt-river-oregon,Burnt River,D15,,Dry Camping,150,6,15,20
burnt-river-oregon,Burnt River,D16,,Dry Camping,150,6,15,21
burnt-river-oregon,Burnt River,D17,,Dry Camping,150,6,15,22
burnt-river-oregon,Burnt River,D18,,Dry Camping,150,6,15,23
burnt-river-oregon,Burnt River,D19,,Dry Camping,150,6,15,24
burnt-river-oregon,Burnt River,D20,,Dry Camping,150,6,15,25
burnt-river-oregon,Burnt River,D21,,Dry Camping,150,6,15,26
burnt-river-oregon,Burnt River,D22,,Dry Camping,150,6,15,27
burnt-river-oregon,Burnt River,D23,,Dry Camping,150,6,15,28
burnt-river-oregon,Burnt River,D24,,Dry Camping,150,6,15,29
burnt-river-oregon,Burnt River,D25,,Dry Camping,150,6,15,30
burnt-river-oregon,Burnt River,D26,,Dry Camping,150,6,15,31
burnt-river-oregon,Burnt River,D27,,Dry Camping,150,6,15,32
burnt-river-oregon,Burnt River,D28,,Dry Camping,150,6,15,33
burnt-river-oregon,Burnt River,D29,,Dry Camping,150,6,15,34
burnt-river-oregon,Burnt River,D30,,Dry Camping,150,6,15,35
blue-bucket-oregon,Blue Bucket,1,Premium,50 Amp w/ Water - 25W X 40 D,600,22,45,36
blue-bucket-oregon,Blue Bucket,2,,50 Amp w/ Water - 25W X 40 D,540,20,45,37
blue-bucket-oregon,Blue Bucket,3,,30 Amp w/ Water - 25W X 40 D,480,18,45,38
blue-bucket-oregon,Blue Bucket,4,,30 Amp w/ Water - 25W X 40 D,480,18,45,39
blue-bucket-oregon,Blue Bucket,5,,30 Amp w/ Water - 25W X 40 D,480,18,45,40
blue-bucket-oregon,Blue Bucket,6,,50 Amp w/ Water - 25W X 40 D,540,20,45,41
blue-bucket-oregon,Blue Bucket,7,,50 Amp w/ Water - 25W X 40 D,540,20,45,42
blue-bucket-oregon,Blue Bucket,8,,30 Amp w/ Water - 25W X 40 D,480,18,45,43
blue-bucket-oregon,Blue Bucket,9,,30 Amp w/ Water - 25W X 40 D,480,18,45,44
blue-bucket-oregon,Blue Bucket,10,,30 Amp w/ Water - 25W X 40 D,480,18,45,45
blue-bucket-oregon,Blue Bucket,11,,50 Amp w/ Water - 25W X 40 D,540,20,45,46
blue-bucket-oregon,Blue Bucket,12,,30 Amp w/ Water - 25W X 40 D,480,18,45,47
blue-bucket-oregon,Blue Bucket,13,Premium,30 Amp w/ Water - 25W X 40 D,480,18,45,48
blue-bucket-oregon,Blue Bucket,14,Premium,30 Amp - 25W X 40 D,360,14,302,49
blue-bucket-oregon,Blue Bucket,15,,50 Amp  - 25W X 40 D,300,12,30,50
blue-bucket-oregon,Blue Bucket,16,,50 Amp w/ Water - 25W X 40 D,540,20,45,51
blue-bucket-oregon,Blue Bucket,17,,30 Amp w/ Water - 25W X 40 D,480,18,45,52
blue-bucket-oregon,Blue Bucket,18,,30 Amp - 25W X 40 D,300,12,30,53
blue-bucket-oregon,Blue Bucket,19,,30 Amp - 25W X 40 D,300,12,30,54
blue-bucket-oregon,Blue Bucket,20,,30 Amp - 25W X 40 D,300,12,30,55
blue-bucket-oregon,Blue Bucket,21,,30 Amp - 25W X 40 D,300,12,30,56
blue-bucket-oregon,Blue Bucket,22,,30 Amp - 25W X 40 D,300,12,30,57
blue-bucket-oregon,Blue Bucket,23,,30 Amp - 25W X 40 D,300,12,30,58
blue-bucket-oregon,Blue Bucket,24,Premium,30 Amp - 25W X 40 D,360,14,30,59
blue-bucket-oregon,Blue Bucket,D1,,Dry Camping,150,6,15,60
blue-bucket-oregon,Blue Bucket,D2,,Dry Camping,150,6,15,61
blue-bucket-oregon,Blue Bucket,D3,,Dry Camping,150,6,15,62
blue-bucket-oregon,Blue Bucket,D4,,Dry Camping,150,6,15,63
blue-bucket-oregon,Blue Bucket,D5,,Dry Camping,150,6,15,64
blue-bucket-oregon,Blue Bucket,D6,,Dry Camping,150,6,15,65
blue-bucket-oregon,Blue Bucket,D7,,Dry Camping,150,6,15,66
blue-bucket-oregon,Blue Bucket,D8,,Dry Camping,150,6,15,67
blue-bucket-oregon,Blue Bucket,D9,,Dry Camping,150,6,15,68
blue-bucket-oregon,Blue Bucket,D10,,Dry Camping,150,6,15,69
blue-bucket-oregon,Blue Bucket,D11,,Dry Camping,150,6,15,70
blue-bucket-oregon,Blue Bucket,D12,,Dry Camping,150,6,15,71
blue-bucket-oregon,Blue Bucket,D13,,Dry Camping,150,6,15,72
blue-bucket-oregon,Blue Bucket,D14,,Dry Camping,150,6,15,73
blue-bucket-oregon,Blue Bucket,D15,,Dry Camping,150,6,15,74
blue-bucket-oregon,Blue Bucket,D16,,Dry Camping,150,6,15,75
blue-bucket-oregon,Blue Bucket,D17,,Dry Camping,150,6,15,76
blue-bucket-oregon,Blue Bucket,D18,,Dry Camping,150,6,15,77
blue-bucket-oregon,Blue Bucket,D19,,Dry Camping,150,6,15,78
blue-bucket-oregon,Blue Bucket,D20,,Dry Camping,150,6,15,79
blue-bucket-oregon,Blue Bucket,D21,,Dry Camping,150,6,15,80
blue-bucket-oregon,Blue Bucket,D22,,Dry Camping,150,6,15,81
blue-bucket-oregon,Blue Bucket,D23,,Dry Camping,150,6,15,82
blue-bucket-oregon,Blue Bucket,D24,,Dry Camping,150,6,15,83
blue-bucket-oregon,Blue Bucket,D25,,Dry Camping,150,6,15,84
blue-bucket-oregon,Blue Bucket,D26,,Dry Camping,150,6,15,85
blue-bucket-oregon,Blue Bucket,D27,,Dry Camping,150,6,15,86
blue-bucket-oregon,Blue Bucket,D28,,Dry Camping,150,6,15,87
blue-bucket-oregon,Blue Bucket,D29,,Dry Camping,150,6,15,88
blue-bucket-oregon,Blue Bucket,D30,,Dry Camping,150,6,15,89
duisenburg-california,Duisenburg,D1,H/C,Dry Camping,150,6,15,90
duisenburg-california,Duisenburg,D2,H/C,Dry Camping,150,6,15,91
duisenburg-california,Duisenburg,D3,H/C,Dry Camping,150,6,15,92
duisenburg-california,Duisenburg,D4,H/C,Dry Camping,150,6,15,93
duisenburg-california,Duisenburg,D5,H/C,Dry Camping,150,6,15,94
duisenburg-california,Duisenburg,D6,,Dry Camping,150,6,15,95
duisenburg-california,Duisenburg,D7,,Dry Camping,150,6,15,96
duisenburg-california,Duisenburg,D8,,Dry Camping,150,6,15,97
duisenburg-california,Duisenburg,D9,,Dry Camping,150,6,15,98
duisenburg-california,Duisenburg,D10,,Dry Camping,150,6,15,99
duisenburg-california,Duisenburg,D11,,Dry Camping,150,6,15,100
duisenburg-california,Duisenburg,D12,,Dry Camping,150,6,15,101
duisenburg-california,Duisenburg,D13,,Dry Camping,150,6,15,102
duisenburg-california,Duisenburg,D14,,Dry Camping,150,6,15,103
duisenburg-california,Duisenburg,D15,,Dry Camping,150,6,15,104
duisenburg-california,Duisenburg,D16,,Dry Camping,150,6,15,105
duisenburg-california,Duisenburg,D17,,Dry Camping,150,6,15,106
duisenburg-california,Duisenburg,D18,,Dry Camping,150,6,15,107
duisenburg-california,Duisenburg,D19,,Dry Camping,150,6,15,108
duisenburg-california,Duisenburg,D20,,Dry Camping,150,6,15,109
duisenburg-california,Duisenburg,D21,,Dry Camping,150,6,15,110
duisenburg-california,Duisenburg,D22,,Dry Camping,150,6,15,111
duisenburg-california,Duisenburg,D23,,Dry Camping,150,6,15,112
duisenburg-california,Duisenburg,D24,,Dry Camping,150,6,15,113
duisenburg-california,Duisenburg,D25,,Dry Camping,150,6,15,114
duisenburg-california,Duisenburg,D26,,Dry Camping,150,6,15,115
duisenburg-california,Duisenburg,D27,,Dry Camping,150,6,15,116
duisenburg-california,Duisenburg,D28,,Dry Camping,150,6,15,117
duisenburg-california,Duisenburg,D29,,Dry Camping,150,6,15,118
duisenburg-california,Duisenburg,D30,,Dry Camping,150,6,15,119
duisenburg-california,Duisenburg,D31,,Dry Camping,150,6,15,120
duisenburg-california,Duisenburg,D32,,Dry Camping,150,6,15,121
duisenburg-california,Duisenburg,D33,,Dry Camping,150,6,15,122
duisenburg-california,Duisenburg,D34,,Dry Camping,150,6,15,123
duisenburg-california,Duisenburg,D35,,Dry Camping,150,6,15,124
italian-bar-california,Italian Bar,D1,,Dry Camping,150,6,15,125
italian-bar-california,Italian Bar,D2,,Dry Camping,150,6,15,126
italian-bar-california,Italian Bar,D3,,Dry Camping,150,6,15,127
italian-bar-california,Italian Bar,D4,,Dry Camping,150,6,15,128
italian-bar-california,Italian Bar,D5,,Dry Camping,150,6,15,129
italian-bar-california,Italian Bar,D6,,Dry Camping,150,6,15,130
italian-bar-california,Italian Bar,D7,,Dry Camping,150,6,15,131
italian-bar-california,Italian Bar,D8,,Dry Camping,150,6,15,132
italian-bar-california,Italian Bar,D9,,Dry Camping,150,6,15,133
italian-bar-california,Italian Bar,D10,,Dry Camping,150,6,15,134
italian-bar-california,Italian Bar,D11,,Dry Camping,150,6,15,135
italian-bar-california,Italian Bar,D12,,Dry Camping,150,6,15,136
italian-bar-california,Italian Bar,D13,,Dry Camping,150,6,15,137
italian-bar-california,Italian Bar,D14,,Dry Camping,150,6,15,138
italian-bar-california,Italian Bar,D15,,Dry Camping,150,6,15,139
italian-bar-california,Italian Bar,D16,,Dry Camping,150,6,15,140
italian-bar-california,Italian Bar,D17,,Dry Camping,150,6,15,141
italian-bar-california,Italian Bar,D18,,Dry Camping,150,6,15,142
italian-bar-california,Italian Bar,D19,,Dry Camping,150,6,15,143
italian-bar-california,Italian Bar,D20,,Dry Camping,150,6,15,144
italian-bar-california,Italian Bar,D21,,Dry Camping,150,6,15,145
italian-bar-california,Italian Bar,D22,,Dry Camping,150,6,15,146
italian-bar-california,Italian Bar,D23,,Dry Camping,150,6,15,147
italian-bar-california,Italian Bar,D24,,Dry Camping,150,6,15,148
italian-bar-california,Italian Bar,D25,,Dry Camping,150,6,15,149
italian-bar-california,Italian Bar,D26,,Dry Camping,150,6,15,150
italian-bar-california,Italian Bar,D27,,Dry Camping,150,6,15,151
italian-bar-california,Italian Bar,D28,,Dry Camping,150,6,15,152
italian-bar-california,Italian Bar,D29,,Dry Camping,150,6,15,153
italian-bar-california,Italian Bar,D30,,Dry Camping,150,6,15,154
italian-bar-california,Italian Bar,1,,Dry Camping w/ Water,150,8,17,155
italian-bar-california,Italian Bar,2,,Dry Camping w/ Water,150,8,17,156
italian-bar-california,Italian Bar,3,,Dry Camping w/ Water,150,8,17,157
italian-bar-california,Italian Bar,4,,Dry Camping w/ Water,150,8,17,158
italian-bar-california,Italian Bar,5,,Dry Camping w/ Water,150,8,17,159
italian-bar-california,Italian Bar,6,,Dry Camping w/ Water,150,8,17,160
italian-bar-california,Italian Bar,7,,Dry Camping w/ Water,150,8,17,161
italian-bar-california,Italian Bar,8,,Dry Camping w/ Water,150,8,17,162
italian-bar-california,Italian Bar,9,,Dry Camping w/ Water,150,8,17,163
italian-bar-california,Italian Bar,10,,Dry Camping w/ Water,150,8,17,164
italian-bar-california,Italian Bar,11,,Dry Camping w/ Water,150,8,17,165
italian-bar-california,Italian Bar,12,,Dry Camping w/ Water,150,8,17,166
italian-bar-california,Italian Bar,13,,Dry Camping w/ Water,150,8,17,167
italian-bar-california,Italian Bar,14,,Dry Camping w/ Water,150,8,17,168
italian-bar-california,Italian Bar,15,,Dry Camping w/ Water,150,8,17,169
italian-bar-california,Italian Bar,16,,Dry Camping w/ Water,150,8,17,170
italian-bar-california,Italian Bar,17,,Dry Camping w/ Water,150,8,17,171
italian-bar-california,Italian Bar,18,,Dry Camping w/ Water,150,8,17,172
italian-bar-california,Italian Bar,19,,Dry Camping w/ Water,150,8,17,173
italian-bar-california,Italian Bar,20,,Dry Camping w/ Water,150,8,17,174
italian-bar-california,Italian Bar,21,,Dry Camping w/ Water,150,8,17,175
italian-bar-california,Italian Bar,22,,Dry Camping w/ Water,150,8,17,176
italian-bar-california,Italian Bar,23,,Dry Camping w/ Water,150,8,17,177
italian-bar-california,Italian Bar,24,,Dry Camping w/ Water,150,8,17,178
italian-bar-california,Italian Bar,25,,Dry Camping w/ Water,150,8,17,179
italian-bar-california,Italian Bar,26,,Dry Camping w/ Water,150,8,17,180
italian-bar-california,Italian Bar,27,,Dry Camping w/ Water,150,8,17,181
italian-bar-california,Italian Bar,28,,Dry Camping w/ Water,150,8,17,182
italian-bar-california,Italian Bar,29,,Dry Camping w/ Water,150,8,17,183
italian-bar-california,Italian Bar,30,,Dry Camping w/ Water,150,8,17,184
italian-bar-california,Italian Bar,31,,Dry Camping w/ Water,150,8,17,185
italian-bar-california,Italian Bar,32,,Dry Camping w/ Water,150,8,17,186
italian-bar-california,Italian Bar,33,,Dry Camping w/ Water,150,8,17,187
italian-bar-california,Italian Bar,34,,Dry Camping w/ Water,150,8,17,188
italian-bar-california,Italian Bar,35,,Dry Camping w/ Water,150,8,17,189
stanton-arizona,Stanton,1,Premium,30 Amp - Full Hook-Up,510,19,45,190
stanton-arizona,Stanton,2,Premium,30 Amp - Full Hook-Up,510,19,45,191
stanton-arizona,Stanton,3,Premium,30 Amp - Full Hook-Up,510,19,45,192
stanton-arizona,Stanton,4,Premium,30 Amp - Full Hook-Up,510,19,45,193
stanton-arizona,Stanton,5,,30 Amp - Full Hook-Up,450,17,45,194
stanton-arizona,Stanton,6,,30 Amp - Full Hook-Up,450,17,45,195
stanton-arizona,Stanton,7,,30 Amp - Full Hook-Up,450,17,45,196
stanton-arizona,Stanton,8,,30 Amp - Full Hook-Up,450,17,45,197
stanton-arizona,Stanton,9,,50 Amp - Full Hook-Up,540,20,55,198
stanton-arizona,Stanton,10,,30 Amp - Full Hook-Up,450,17,45,199
stanton-arizona,Stanton,11,,30 Amp - Full Hook-Up,450,17,45,200
stanton-arizona,Stanton,12,Premium,30 Amp - Full Hook-Up,510,19,45,201
stanton-arizona,Stanton,13,,30 Amp - Full Hook-Up,450,17,45,202
stanton-arizona,Stanton,14,Premium,30 Amp - Full Hook-Up,510,19,45,203
stanton-arizona,Stanton,15,,30 Amp - Full Hook-Up,450,17,45,204
stanton-arizona,Stanton,16,Premium,30 Amp - Full Hook-Up,510,19,45,205
stanton-arizona,Stanton,17,,30 Amp - Full Hook-Up,450,17,45,206
stanton-arizona,Stanton,18,Premium,30 Amp - Full Hook-Up,510,19,45,207
stanton-arizona,Stanton,19,Premium,30 Amp - Full Hook-Up,510,19,45,208
stanton-arizona,Stanton,20,Premium,30 Amp - Full Hook-Up,510,19,45,209
stanton-arizona,Stanton,21,Premium,30 Amp - Full Hook-Up,510,19,45,210
stanton-arizona,Stanton,22,Premium,30 Amp - Full Hook-Up,510,19,45,211
stanton-arizona,Stanton,23,Premium,30 Amp - Full Hook-Up,510,19,45,212
stanton-arizona,Stanton,24,Premium,30 Amp - Full Hook-Up,510,19,45,213
stanton-arizona,Stanton,25,,30 Amp - Full Hook-Up,510,19,45,214
stanton-arizona,Stanton,26,,30 Amp - Full Hook-Up,510,19,45,215
stanton-arizona,Stanton,27,,30 Amp - Full Hook-Up,510,19,45,216
stanton-arizona,Stanton,28,,30 Amp - Full Hook-Up,510,19,45,217
stanton-arizona,Stanton,29,Premium,50 Amp - Full Hook-Up,600,22,55,218
stanton-arizona,Stanton,30,,30 Amp - Full Hook-Up,510,19,45,219
stanton-arizona,Stanton,31,,30 Amp - Full Hook-Up,510,19,45,220
stanton-arizona,Stanton,32,,50 Amp - Full Hook-Up,540,20,55,221
stanton-arizona,Stanton,33,,50 Amp - Full Hook-Up,540,20,55,222
stanton-arizona,Stanton,35,,30 Amp - Full Hook-Up,510,19,45,223
stanton-arizona,Stanton,36,,30 Amp - Full Hook-Up,510,19,45,224
stanton-arizona,Stanton,37,,30 Amp - Full Hook-Up,510,19,45,225
stanton-arizona,Stanton,38,,30 Amp - Full Hook-Up,510,19,45,226
stanton-arizona,Stanton,39,,30 Amp - Full Hook-Up,510,19,45,227
stanton-arizona,Stanton,40,,30 Amp - Full Hook-Up,510,19,45,228
stanton-arizona,Stanton,41,,30 Amp - Full Hook-Up,510,19,45,229
stanton-arizona,Stanton,42,,30 Amp - Full Hook-Up,510,19,45,230
stanton-arizona,Stanton,43,,30 Amp - Full Hook-Up,510,19,45,231
stanton-arizona,Stanton,44,,30 Amp - Full Hook-Up,510,19,45,232
stanton-arizona,Stanton,45,,30 Amp - Full Hook-Up,510,19,45,233
stanton-arizona,Stanton,46,,30 Amp - Full Hook-Up,510,19,45,234
stanton-arizona,Stanton,47,,30 Amp - Full Hook-Up,510,19,45,235
stanton-arizona,Stanton,48,,30 Amp - Full Hook-Up,510,19,45,236
stanton-arizona,Stanton,49,,30 Amp - Full Hook-Up,510,19,45,237
stanton-arizona,Stanton,50,,30 Amp - Full Hook-Up,510,19,45,238
stanton-arizona,Stanton,51,,30 Amp - Full Hook-Up,510,19,45,239
stanton-arizona,Stanton,52,,30 Amp - Full Hook-Up,510,19,45,240
stanton-arizona,Stanton,53,,30 Amp - Full Hook-Up,510,19,45,241
stanton-arizona,Stanton,54,,30 Amp - Full Hook-Up,510,19,45,242
stanton-arizona,Stanton,55,Premium,50 Amp - Full Hook-Up,600,22,55,243
stanton-arizona,Stanton,56,,30 Amp - Full Hook-Up,510,19,45,244
stanton-arizona,Stanton,57,Premium,30 Amp - Full Hook-Up,510,19,45,245
stanton-arizona,Stanton,58,Premium,30 Amp - Full Hook-Up,510,19,45,246
stanton-arizona,Stanton,59,,30 Amp - Full Hook-Up,510,19,45,247
stanton-arizona,Stanton,60,,30 Amp - Full Hook-Up,510,19,45,248
stanton-arizona,Stanton,61,,30 Amp - Full Hook-Up,510,19,45,249
stanton-arizona,Stanton,62,,30 Amp - Full Hook-Up,510,19,45,250
stanton-arizona,Stanton,63,,30 Amp - Full Hook-Up,510,19,45,251
stanton-arizona,Stanton,64,,30 Amp - Full Hook-Up,510,19,45,252
stanton-arizona,Stanton,65,,30 Amp - Full Hook-Up,510,19,45,253
stanton-arizona,Stanton,66,,30 Amp - Full Hook-Up,510,19,45,254
stanton-arizona,Stanton,67,,30 Amp - Full Hook-Up,510,19,45,255
stanton-arizona,Stanton,68,,30 Amp - Full Hook-Up,510,19,45,256
stanton-arizona,Stanton,69,,30 Amp - Full Hook-Up,510,19,45,257
stanton-arizona,Stanton,70,,30 Amp - Full Hook-Up,510,19,45,258
stanton-arizona,Stanton,71,Premium,50 Amp - Full Hook-Up,600,22,55,259
stanton-arizona,Stanton,73,Premium,50 Amp - Full Hook-Up,600,22,55,260
stanton-arizona,Stanton,75,Premium,50 Amp - Full Hook-Up,600,22,55,261
stanton-arizona,Stanton,77,,30 Amp - Full Hook-Up,510,19,45,262
stanton-arizona,Stanton,78,,30 Amp - Full Hook-Up,510,19,45,263
stanton-arizona,Stanton,79,,30 Amp - Full Hook-Up,510,19,45,264
stanton-arizona,Stanton,80,,30 Amp - Full Hook-Up,510,19,45,265
stanton-arizona,Stanton,81,,30 Amp - Full Hook-Up,510,19,45,266
stanton-arizona,Stanton,82,,30 Amp - Full Hook-Up,510,19,45,267
stanton-arizona,Stanton,83,,30 Amp - Full Hook-Up,510,19,45,268
stanton-arizona,Stanton,84,,30 Amp - Full Hook-Up,510,19,45,269
stanton-arizona,Stanton,85,,30 Amp - Full Hook-Up,510,19,45,270
stanton-arizona,Stanton,86,,30 Amp - Full Hook-Up,510,19,45,271
stanton-arizona,Stanton,87,,30 Amp - Full Hook-Up,510,19,45,272
stanton-arizona,Stanton,88,,30 Amp - Full Hook-Up,510,19,45,273
stanton-arizona,Stanton,89,Premium,30 Amp - Full Hook-Up,510,19,45,274
stanton-arizona,Stanton,90,Premium,30 Amp - Full Hook-Up,510,19,45,275
stanton-arizona,Stanton,91,Premium,30 Amp - Full Hook-Up,510,19,45,276
stanton-arizona,Stanton,92,Premium,30 Amp - Full Hook-Up,510,19,45,277
stanton-arizona,Stanton,93,Premium,30 Amp - Full Hook-Up,510,19,45,278
stanton-arizona,Stanton,94,Premium,30 Amp - Full Hook-Up,510,19,45,279
stanton-arizona,Stanton,95,,50 Amp - Full Hook-Up,540,20,55,280
stanton-arizona,Stanton,96,,50 Amp - Full Hook-Up,540,20,55,281
stanton-arizona,Stanton,97,,50 Amp - Full Hook-Up,540,20,55,282
stanton-arizona,Stanton,98,,50 Amp - Full Hook-Up,540,20,55,283
stanton-arizona,Stanton,99,,50 Amp - Full Hook-Up,540,20,55,284
stanton-arizona,Stanton,100,,50 Amp - Full Hook-Up,540,20,55,285
stanton-arizona,Stanton,101,Premium,30 Amp - Full Hook-Up,510,19,45,286
stanton-arizona,Stanton,102,,50 Amp - Full Hook-Up,540,20,55,287
stanton-arizona,Stanton,103,Premium,50 Amp - Full Hook-Up,600,22,55,288
stanton-arizona,Stanton,104,,30 Amp - Full Hook-Up,510,19,45,289
stanton-arizona,Stanton,105,,30 Amp - Full Hook-Up,510,19,45,290
stanton-arizona,Stanton,106,,30 Amp - Full Hook-Up,510,19,45,291
stanton-arizona,Stanton,107,,30 Amp - Full Hook-Up,510,19,45,292
stanton-arizona,Stanton,108,,30 Amp - Full Hook-Up,510,19,45,293
stanton-arizona,Stanton,109,,30 Amp - Full Hook-Up,510,19,45,294
stanton-arizona,Stanton,110,,30 Amp - Full Hook-Up,510,19,45,295
stanton-arizona,Stanton,111,,30 Amp - Full Hook-Up,510,19,45,296
stanton-arizona,Stanton,112,,30 Amp - Full Hook-Up,510,19,45,297
stanton-arizona,Stanton,113,,30 Amp - Full Hook-Up,510,19,45,298
stanton-arizona,Stanton,114,,30 Amp - Full Hook-Up,510,19,45,299
stanton-arizona,Stanton,115,,30 Amp - Full Hook-Up,510,19,45,300
stanton-arizona,Stanton,116,,30 Amp - Full Hook-Up,510,19,45,301
stanton-arizona,Stanton,117,,30 Amp - Full Hook-Up,510,19,45,302
stanton-arizona,Stanton,118,,30 Amp - Full Hook-Up,510,19,45,303
stanton-arizona,Stanton,119,,30 Amp - Full Hook-Up,510,19,45,304
stanton-arizona,Stanton,120,,30 Amp - Full Hook-Up,510,19,45,305
stanton-arizona,Stanton,121,,30 Amp - Full Hook-Up,510,19,45,306
stanton-arizona,Stanton,122,,30 Amp - Full Hook-Up,510,19,45,307
stanton-arizona,Stanton,123,,30 Amp - Full Hook-Up,510,19,45,308
stanton-arizona,Stanton,124,,30 Amp - Full Hook-Up,510,19,45,309
stanton-arizona,Stanton,125,,30 Amp - Full Hook-Up,510,19,45,310
stanton-arizona,Stanton,126,,30 Amp - Full Hook-Up,510,19,45,311
stanton-arizona,Stanton,127,,30 Amp - Full Hook-Up,510,19,45,312
stanton-arizona,Stanton,128,,30 Amp - Full Hook-Up,510,19,45,313
stanton-arizona,Stanton,129,,30 Amp - Full Hook-Up,510,19,45,314
stanton-arizona,Stanton,130,Premium,50 Amp - Full Hook-Up,600,22,55,315
stanton-arizona,Stanton,132,Premium,50 Amp - Full Hook-Up,600,22,55,316
stanton-arizona,Stanton,500,,30 Amp - Elec Only,300,12,30,317
stanton-arizona,Stanton,501,,30 Amp - Elec Only,300,12,30,318
stanton-arizona,Stanton,502,,30 Amp - Elec Only,300,12,30,319
stanton-arizona,Stanton,503,,30 Amp - Elec Only,300,12,30,320
stanton-arizona,Stanton,504,,30 Amp - Elec Only,300,12,30,321
stanton-arizona,Stanton,505,,30 Amp - Elec Only,300,12,30,322
stanton-arizona,Stanton,506,,30 Amp - Elec Only,300,12,30,323
stanton-arizona,Stanton,507,,30 Amp - Elec Only,300,12,30,324
stanton-arizona,Stanton,508,,30 Amp - Elec Only,300,12,30,325
stanton-arizona,Stanton,A-01,,Dry Camping,150,6,15,326
stanton-arizona,Stanton,A-02,,Dry Camping,150,6,15,327
stanton-arizona,Stanton,A-03,,Dry Camping,150,6,15,328
stanton-arizona,Stanton,A-04,,Dry Camping,150,6,15,329
stanton-arizona,Stanton,A-05,,Dry Camping,150,6,15,330
stanton-arizona,Stanton,A-06,,Dry Camping,150,6,15,331
stanton-arizona,Stanton,A-07,,Dry Camping,150,6,15,332
stanton-arizona,Stanton,A-08,,Dry Camping,150,6,15,333
stanton-arizona,Stanton,A-09,,Dry Camping,150,6,15,334
stanton-arizona,Stanton,A-10,,Dry Camping,150,6,15,335
stanton-arizona,Stanton,A-11,,Dry Camping,150,6,15,336
stanton-arizona,Stanton,A-12,,Dry Camping,150,6,15,337
stanton-arizona,Stanton,A-13,,Dry Camping,150,6,15,338
stanton-arizona,Stanton,A-14,,Dry Camping,150,6,15,339
stanton-arizona,Stanton,A-15,,Dry Camping,150,6,15,340
stanton-arizona,Stanton,A-16,,Dry Camping,150,6,15,341
stanton-arizona,Stanton,A-17,,Dry Camping,150,6,15,342
stanton-arizona,Stanton,A-18,,Dry Camping,150,6,15,343
stanton-arizona,Stanton,A-19,,Dry Camping,150,6,15,344
stanton-arizona,Stanton,A-20,,Dry Camping,150,6,15,345
stanton-arizona,Stanton,A-21,,Dry Camping,150,6,15,346
stanton-arizona,Stanton,A-22,,Dry Camping,150,6,15,347
stanton-arizona,Stanton,A-23,,Dry Camping,150,6,15,348
stanton-arizona,Stanton,A-24,,Dry Camping,150,6,15,349
stanton-arizona,Stanton,A-25,,Dry Camping,150,6,15,350
stanton-arizona,Stanton,T-01,,Dry Camping,150,6,15,351
stanton-arizona,Stanton,T-02,,Dry Camping,150,6,15,352
stanton-arizona,Stanton,T-03,,Dry Camping,150,6,15,353
stanton-arizona,Stanton,T-04,,Dry Camping,150,6,15,354
stanton-arizona,Stanton,T-05,,Dry Camping,150,6,15,355
stanton-arizona,Stanton,T-06,,Dry Camping,150,6,15,356
stanton-arizona,Stanton,T-07,,Dry Camping,150,6,15,357
stanton-arizona,Stanton,T-08,,Dry Camping,150,6,15,358
stanton-arizona,Stanton,T-09,,Dry Camping,150,6,15,359
stanton-arizona,Stanton,T-10,,Dry Camping,150,6,15,360
stanton-arizona,Stanton,T-11,,Dry Camping,150,6,15,361
vein-mountain-north-carolina,Vein Mountain,LC-01,Premium,50 Amp w/ Water,450,17,40,362
vein-mountain-north-carolina,Vein Mountain,LC-02,,30 Amp w/ Water,300,12,30,363
vein-mountain-north-carolina,Vein Mountain,LC-03,,30 Amp w/ Water,300,12,30,364
vein-mountain-north-carolina,Vein Mountain,LC-04,,30 Amp w/ Water,300,12,30,365
vein-mountain-north-carolina,Vein Mountain,LC-05,,30 Amp w/ Water,300,12,30,366
vein-mountain-north-carolina,Vein Mountain,LC-06,,30 Amp w/ Water,300,12,30,367
vein-mountain-north-carolina,Vein Mountain,LC-07,Premium,50 Amp w/ Water,450,17,40,368
vein-mountain-north-carolina,Vein Mountain,LC-08,,30 Amp w/ Water,300,12,30,369
vein-mountain-north-carolina,Vein Mountain,LC-09,,30 Amp w/ Water,300,12,30,370
vein-mountain-north-carolina,Vein Mountain,LC-10,,30 Amp w/ Water,300,12,30,371
vein-mountain-north-carolina,Vein Mountain,LC-11,,30 Amp w/ Water,300,12,30,372
vein-mountain-north-carolina,Vein Mountain,LC-12,,30 Amp w/ Water,300,12,30,373
vein-mountain-north-carolina,Vein Mountain,LC-13,,30 Amp w/ Water,300,12,30,374
vein-mountain-north-carolina,Vein Mountain,LC-14,,Dry Camping,150,6,15,375
vein-mountain-north-carolina,Vein Mountain,LC-15,,Dry Camping,150,6,15,376
vein-mountain-north-carolina,Vein Mountain,LC-16,,Dry Camping,150,6,15,377
vein-mountain-north-carolina,Vein Mountain,LC-17,,Dry Camping,150,6,15,378
vein-mountain-north-carolina,Vein Mountain,LC-18,,Dry Camping,150,6,15,379
vein-mountain-north-carolina,Vein Mountain,LC-19,,Dry Camping,150,6,15,380
vein-mountain-north-carolina,Vein Mountain,LC-20,,Dry Camping,150,6,15,381
vein-mountain-north-carolina,Vein Mountain,LC-21,,Dry Camping,150,6,15,382
vein-mountain-north-carolina,Vein Mountain,LC-22,,Dry Camping,150,6,15,383
vein-mountain-north-carolina,Vein Mountain,LC-23,,Dry Camping,150,6,15,384
vein-mountain-north-carolina,Vein Mountain,LC-24,,Dry Camping,150,6,15,385
vein-mountain-north-carolina,Vein Mountain,LC-25,,Dry Camping,150,6,15,386
vein-mountain-north-carolina,Vein Mountain,UC-01,Premium,30 Amp - Full Hook-Up,450,17,55,387
vein-mountain-north-carolina,Vein Mountain,UC-02,,30 Amp w/ Water,300,12,30,388
vein-mountain-north-carolina,Vein Mountain,UC-03,,30 Amp w/ Water,300,12,30,389
vein-mountain-north-carolina,Vein Mountain,UC-04,,30 Amp w/ Water,300,12,30,390
vein-mountain-north-carolina,Vein Mountain,UC-05,,30 Amp w/ Water,300,12,30,391
vein-mountain-north-carolina,Vein Mountain,UC-06,,30 Amp w/ Water,300,12,30,392
vein-mountain-north-carolina,Vein Mountain,UC-07,,Dry Camping,150,6,15,393
vein-mountain-north-carolina,Vein Mountain,UC-08,,Dry Camping,150,6,15,394
vein-mountain-north-carolina,Vein Mountain,UC-09,,Dry Camping,150,6,15,395
vein-mountain-north-carolina,Vein Mountain,UC-10,,Dry Camping,150,6,15,396
vein-mountain-north-carolina,Vein Mountain,UC-11,,Dry Camping,150,6,15,397
vein-mountain-north-carolina,Vein Mountain,UC-12,,Dry Camping,150,6,15,398
vein-mountain-north-carolina,Vein Mountain,UC-13,,Dry Camping,150,6,15,399
vein-mountain-north-carolina,Vein Mountain,UC-14,,Dry Camping,150,6,15,400
vein-mountain-north-carolina,Vein Mountain,UC-15,,Dry Camping,150,6,15,401
vein-mountain-north-carolina,Vein Mountain,UC-16,,Dry Camping,150,6,15,402
vein-mountain-north-carolina,Vein Mountain,UC-17,,Dry Camping,150,6,15,403
vein-mountain-north-carolina,Vein Mountain,UC-18,,Dry Camping,150,6,15,404
vein-mountain-north-carolina,Vein Mountain,UC-19,,Dry Camping,150,6,15,405
vein-mountain-north-carolina,Vein Mountain,UC-20,,Dry Camping,150,6,15,406
vein-mountain-north-carolina,Vein Mountain,UC-21,,Dry Camping,150,6,15,407
vein-mountain-north-carolina,Vein Mountain,UC-22,,Dry Camping,150,6,15,408
vein-mountain-north-carolina,Vein Mountain,UC-23,,Dry Camping,150,6,15,409
vein-mountain-north-carolina,Vein Mountain,UC-24,,Dry Camping,150,6,15,410
vein-mountain-north-carolina,Vein Mountain,UC-25,,Dry Camping,150,6,15,411
vein-mountain-north-carolina,Vein Mountain,LCE-01,,110V Elec Only,240,10,20,412
vein-mountain-north-carolina,Vein Mountain,LCE-02,,110V Elec Only,240,10,20,413
vein-mountain-north-carolina,Vein Mountain,LCE-03,,110V Elec Only,240,10,20,414
vein-mountain-north-carolina,Vein Mountain,UC-26,,30 Amp Elec Only,240,10,25,415
oconee-south-carolina,Oconee,1,,50 Amp - 30W X 60 D,450,17,40,416
oconee-south-carolina,Oconee,2,,30 Amp - 30W X 50 D,300,12,30,417
oconee-south-carolina,Oconee,3,,30 Amp - 30W X 60 D,300,12,30,418
oconee-south-carolina,Oconee,4,,30 Amp - 25W X 50 D,300,12,30,419
oconee-south-carolina,Oconee,5,,30 Amp - 15W X 25 D,300,12,30,420
oconee-south-carolina,Oconee,6,,30 Amp - 15W X 30 D,300,12,30,421
oconee-south-carolina,Oconee,7,,30 Amp - 15W X 20 D,300,12,30,422
oconee-south-carolina,Oconee,8,,30 Amp - 25W X 50 D,300,12,30,423
oconee-south-carolina,Oconee,9,,50 Amp - 25W X 50 D,450,17,40,424
oconee-south-carolina,Oconee,10,,30 Amp - 25W X 50 D,300,12,30,425
oconee-south-carolina,Oconee,11,,30 Amp - 25W X 40 D,300,12,30,426
oconee-south-carolina,Oconee,12,,30 Amp - 25W X 50 D,300,12,30,427
oconee-south-carolina,Oconee,13,,50 Amp - 25W X 50 D,450,17,40,428
oconee-south-carolina,Oconee,14,,50 Amp - 25W X 50 D,450,17,40,429
oconee-south-carolina,Oconee,15,,50 Amp - 25W X 50 D,450,17,40,430
oconee-south-carolina,Oconee,D1,,Dry Camping,150,6,15,431
oconee-south-carolina,Oconee,D2,,Dry Camping,150,6,15,432
oconee-south-carolina,Oconee,D3,,Dry Camping,150,6,15,433
oconee-south-carolina,Oconee,D4,,Dry Camping,150,6,15,434
oconee-south-carolina,Oconee,D5,,Dry Camping,150,6,15,435
oconee-south-carolina,Oconee,D6,,Dry Camping,150,6,15,436
oconee-south-carolina,Oconee,D7,,Dry Camping,150,6,15,437
oconee-south-carolina,Oconee,D8,,Dry Camping,150,6,15,438
oconee-south-carolina,Oconee,D9,,Dry Camping,150,6,15,439
oconee-south-carolina,Oconee,D10,,Dry Camping,150,6,15,440
oconee-south-carolina,Oconee,D11,,Dry Camping,150,6,15,441
oconee-south-carolina,Oconee,D12,,Dry Camping,150,6,15,442
oconee-south-carolina,Oconee,D13,,Dry Camping,150,6,15,443
oconee-south-carolina,Oconee,D14,,Dry Camping,150,6,15,444
oconee-south-carolina,Oconee,D15,,Dry Camping,150,6,15,445
oconee-south-carolina,Oconee,D16,,Dry Camping,150,6,15,446
oconee-south-carolina,Oconee,D17,,Dry Camping,150,6,15,447
oconee-south-carolina,Oconee,D18,,Dry Camping,150,6,15,448
oconee-south-carolina,Oconee,D19,,Dry Camping,150,6,15,449
oconee-south-carolina,Oconee,D20,,Dry Camping,150,6,15,450
oconee-south-carolina,Oconee,D21,,Dry Camping,150,6,15,451
oconee-south-carolina,Oconee,D22,,Dry Camping,150,6,15,452
oconee-south-carolina,Oconee,D23,,Dry Camping,150,6,15,453
oconee-south-carolina,Oconee,D24,,Dry Camping,150,6,15,454
oconee-south-carolina,Oconee,D25,,Dry Camping,150,6,15,455
oconee-south-carolina,Oconee,D26,,Dry Camping,150,6,15,456
oconee-south-carolina,Oconee,D27,,Dry Camping,150,6,15,457
oconee-south-carolina,Oconee,D28,,Dry Camping,150,6,15,458
oconee-south-carolina,Oconee,D29,,Dry Camping,150,6,15,459
oconee-south-carolina,Oconee,D30,,Dry Camping,150,6,15,460
loud-mine-georgia,Loud Mine,1,Premium,50 Amp w/ Water - 25W X 40 D,540,20,45,461
loud-mine-georgia,Loud Mine,2,,50 Amp w/ Water - 25W X 40 D,450,17,40,462
loud-mine-georgia,Loud Mine,3,,50 Amp w/ Water - 25W X 40 D,450,17,40,463
loud-mine-georgia,Loud Mine,4,,50 Amp w/ Water - 25W X 40 D,450,17,40,464
loud-mine-georgia,Loud Mine,5,,50 Amp w/ Water - 25W X 40 D,450,17,40,465
loud-mine-georgia,Loud Mine,6,,50 Amp w/ Water - 25W X 40 D,450,17,40,466
loud-mine-georgia,Loud Mine,7,,50 Amp w/ Water - 25W X 40 D,450,17,40,467
loud-mine-georgia,Loud Mine,9,Premium,50 Amp w/ Water - 25W X 40 D,540,20,45,468
loud-mine-georgia,Loud Mine,9,,30 Amp w/ Water - 25W X 40 D,360,14,30,469
loud-mine-georgia,Loud Mine,10,,30 Amp w/ Water - 25W X 40 D,360,14,30,470
loud-mine-georgia,Loud Mine,11,,30 Amp w/ Water - 25W X 40 D,360,14,30,471
loud-mine-georgia,Loud Mine,12,,30 Amp w/ Water - 25W X 40 D,360,14,30,472
loud-mine-georgia,Loud Mine,13,,30 Amp w/ Water - 25W X 40 D,360,14,30,473
loud-mine-georgia,Loud Mine,14,,30 Amp w/ Water - 25W X 40 D,360,14,30,474
loud-mine-georgia,Loud Mine,15,,30 Amp w/ Water - 25W X 40 D,360,14,30,475
loud-mine-georgia,Loud Mine,16,,30 Amp w/ Water - 25W X 40 D,360,14,30,476
loud-mine-georgia,Loud Mine,17,,30 Amp w/ Water - 25W X 40 D,360,14,30,477
loud-mine-georgia,Loud Mine,18,,30 Amp w/ Water - 25W X 40 D,360,14,30,478
loud-mine-georgia,Loud Mine,19,,30 Amp w/ Water - 25W X 40 D,360,14,30,479
loud-mine-georgia,Loud Mine,20,,30 Amp w/ Water - 25W X 40 D,360,14,30,480
loud-mine-georgia,Loud Mine,21,,30 Amp w/ Water - 25W X 40 D,360,14,30,481
loud-mine-georgia,Loud Mine,22,,30 Amp w/ Water - 25W X 40 D,360,14,30,482
loud-mine-georgia,Loud Mine,23,,30 Amp w/ Water - 25W X 40 D,360,14,30,483
loud-mine-georgia,Loud Mine,24,,30 Amp w/ Water - 25W X 40 D,360,14,30,484
loud-mine-georgia,Loud Mine,25,Premium,30 Amp w/ Water - 25W X 40 D,450,17,30,485
loud-mine-georgia,Loud Mine,26,Premium,30 Amp w/ Water - 25W X 40 D,450,17,30,486
loud-mine-georgia,Loud Mine,27,,30 Amp w/ Water - 25W X 40 D,360,14,30,487
loud-mine-georgia,Loud Mine,28,,30 Amp w/ Water - 25W X 40 D,360,14,30,488
loud-mine-georgia,Loud Mine,29,Premium,30 Amp w/ Water - 25W X 40 D,450,17,30,489
loud-mine-georgia,Loud Mine,30,Premium,30 Amp w/ Water - 25W X 40 D,450,17,30,490
loud-mine-georgia,Loud Mine,31,Premium,50 Amp w/ Water - 25W X 40 D,540,20,45,491
loud-mine-georgia,Loud Mine,32,Premium,30 Amp w/ Water - 25W X 40 D,450,17,30,492
loud-mine-georgia,Loud Mine,33,Premium,30 Amp w/ Water - 25W X 40 D,450,17,30,493
loud-mine-georgia,Loud Mine,34,Premium,50 Amp w/ Water - 25W X 40 D,540,20,45,494
loud-mine-georgia,Loud Mine,35,,30 Amp w/ Water - 25W X 40 D,360,14,30,495
loud-mine-georgia,Loud Mine,36,,30 Amp w/ Water - 25W X 40 D,360,14,30,496
loud-mine-georgia,Loud Mine,37,,30 Amp w/ Water - 25W X 40 D,360,14,30,497
loud-mine-georgia,Loud Mine,38,,30 Amp w/ Water - 25W X 40 D,360,14,30,498
loud-mine-georgia,Loud Mine,39,,30 Amp w/ Water - 25W X 40 D,360,14,30,499
loud-mine-georgia,Loud Mine,40,,30 Amp w/ Water - 25W X 40 D,360,14,30,500
loud-mine-georgia,Loud Mine,41,,30 Amp w/ Water - 25W X 40 D,360,14,30,501
loud-mine-georgia,Loud Mine,42,Premium,30 Amp w/ Water - 25W X 40 D,360,14,30,502
loud-mine-georgia,Loud Mine,43,Premium,30 Amp w/ Water - 25W X 40 D,360,14,30,503
loud-mine-georgia,Loud Mine,44,Premium,30 Amp w/ Water - 25W X 40 D,360,14,30,504
loud-mine-georgia,Loud Mine,45,Premium,30 Amp w/ Water - 25W X 40 D,360,14,30,505
loud-mine-georgia,Loud Mine,46,,30 Amp w/ Water - 25W X 40 D,360,14,30,506
loud-mine-georgia,Loud Mine,51,Premium,30 Amp w/ Water - 25W X 40 D,360,14,30,507
loud-mine-georgia,Loud Mine,52,Premium,30 Amp w/ Water - 25W X 40 D,360,14,30,508
loud-mine-georgia,Loud Mine,53,Premium,30 Amp w/ Water - 25W X 40 D,360,14,30,509
loud-mine-georgia,Loud Mine,54,Premium,50 Amp w/ Water - 25W X 40 D,540,20,45,510
loud-mine-georgia,Loud Mine,55,Premium,50 Amp w/ Water - 25W X 40 D,540,20,45,511
loud-mine-georgia,Loud Mine,D1,,Dry Camping,150,6,15,512
loud-mine-georgia,Loud Mine,D2,,Dry Camping,150,6,15,513
loud-mine-georgia,Loud Mine,D3,,Dry Camping,150,6,15,514
loud-mine-georgia,Loud Mine,D4,,Dry Camping,150,6,15,515
loud-mine-georgia,Loud Mine,D5,,Dry Camping,150,6,15,516
loud-mine-georgia,Loud Mine,D6,,Dry Camping,150,6,15,517
loud-mine-georgia,Loud Mine,D7,,Dry Camping,150,6,15,518
loud-mine-georgia,Loud Mine,D8,,Dry Camping,150,6,15,519
loud-mine-georgia,Loud Mine,D9,,Dry Camping,150,6,15,520
loud-mine-georgia,Loud Mine,D10,,Dry Camping,150,6,15,521
loud-mine-georgia,Loud Mine,D11,,Dry Camping,150,6,15,522
loud-mine-georgia,Loud Mine,D12,,Dry Camping,150,6,15,523
loud-mine-georgia,Loud Mine,D13,,Dry Camping,150,6,15,524
loud-mine-georgia,Loud Mine,D14,,Dry Camping,150,6,15,525
loud-mine-georgia,Loud Mine,D15,,Dry Camping,150,6,15,526
loud-mine-georgia,Loud Mine,D16,,Dry Camping,150,6,15,527
loud-mine-georgia,Loud Mine,D17,,Dry Camping,150,6,15,528
loud-mine-georgia,Loud Mine,D18,,Dry Camping,150,6,15,529
loud-mine-georgia,Loud Mine,D19,,Dry Camping,150,6,15,530
loud-mine-georgia,Loud Mine,D20,,Dry Camping,150,6,15,531
loud-mine-georgia,Loud Mine,D21,,Dry Camping,150,6,15,532
loud-mine-georgia,Loud Mine,D22,,Dry Camping,150,6,15,533
loud-mine-georgia,Loud Mine,D23,,Dry Camping,150,6,15,534
loud-mine-georgia,Loud Mine,D24,,Dry Camping,150,6,15,535
loud-mine-georgia,Loud Mine,D25,,Dry Camping,150,6,15,536
loud-mine-georgia,Loud Mine,D26,,Dry Camping,150,6,15,537
loud-mine-georgia,Loud Mine,D27,,Dry Camping,150,6,15,538
loud-mine-georgia,Loud Mine,D28,,Dry Camping,150,6,15,539
loud-mine-georgia,Loud Mine,D29,,Dry Camping,150,6,15,540
loud-mine-georgia,Loud Mine,D30,,Dry Camping,150,6,15,541
